john,1234,John Smith,john@email.com
sara,pass,Sara Kim,sara@email.com
admin,admin,Admin User,admin@email.com

Noah,Noah1234,Noah,n@example.com
Cang,Cang1234,Cang,c@example.com
Ike,Ike1234,Ike,i@example.com
Orlando,Orlando1234,Orlando,o@example.com
Eric,Eric1234,Eric,e@example.com

Diba,Diba1234,Professor Diba,diba@example.com
